{
  "animal": [
    {
      "nome": "Cachorro",
      "idade": 10,
      "raca": "Shitzu",
      "id": "0a97"
    },
    {
      "nome": "Gato",
      "idade": 5,
      "raca": "Siames",
      "id": "d946"
    },
    {
      "nome": "Papagaio",
      "idade": 43,
      "raca": "Araruana",
      "id": "07d44"
    },
    {
      "nome": "Tartruga",
      "idade": 15,
      "raca": "Jabuti",
      "id": "8ad44"
    },
    {
      "nome": "Cachorro",
      "idade": "5",
      "raca": "Pastor Alemão",
      "id": "c80b"
    }
  ]
}